[
  {
    "psgcCode": "0102800000",
    "regionCode": "0100000000",
    "name": "Ilocos Norte"
  },
  {
    "psgcCode": "0102900000",
    "regionCode": "0100000000",
    "name": "Ilocos Sur"
  },
  { "psgcCode": "0103300000", "regionCode": "0100000000", "name": "La Union" },
  {
    "psgcCode": "0105500000",
    "regionCode": "0100000000",
    "name": "Pangasinan"
  },
  { "psgcCode": "0200900000", "regionCode": "0200000000", "name": "Batanes" },
  { "psgcCode": "0201500000", "regionCode": "0200000000", "name": "Cagayan" },
  { "psgcCode": "0203100000", "regionCode": "0200000000", "name": "Isabela" },
  {
    "psgcCode": "0205000000",
    "regionCode": "0200000000",
    "name": "Nueva Vizcaya"
  },
  { "psgcCode": "0205700000", "regionCode": "0200000000", "name": "Quirino" },
  { "psgcCode": "0300800000", "regionCode": "0300000000", "name": "Bataan" },
  { "psgcCode": "0301400000", "regionCode": "0300000000", "name": "Bulacan" },
  {
    "psgcCode": "0304900000",
    "regionCode": "0300000000",
    "name": "Nueva Ecija"
  },
  { "psgcCode": "0305400000", "regionCode": "0300000000", "name": "Pampanga" },
  { "psgcCode": "0306900000", "regionCode": "0300000000", "name": "Tarlac" },
  { "psgcCode": "0307100000", "regionCode": "0300000000", "name": "Zambales" },
  { "psgcCode": "0307700000", "regionCode": "0300000000", "name": "Aurora" },
  { "psgcCode": "0401000000", "regionCode": "0400000000", "name": "Batangas" },
  { "psgcCode": "0402100000", "regionCode": "0400000000", "name": "Cavite" },
  { "psgcCode": "0403400000", "regionCode": "0400000000", "name": "Laguna" },
  { "psgcCode": "0405600000", "regionCode": "0400000000", "name": "Quezon" },
  { "psgcCode": "0405800000", "regionCode": "0400000000", "name": "Rizal" },
  { "psgcCode": "0500500000", "regionCode": "0500000000", "name": "Albay" },
  {
    "psgcCode": "0501600000",
    "regionCode": "0500000000",
    "name": "Camarines Norte"
  },
  {
    "psgcCode": "0501700000",
    "regionCode": "0500000000",
    "name": "Camarines Sur"
  },
  {
    "psgcCode": "0502000000",
    "regionCode": "0500000000",
    "name": "Catanduanes"
  },
  { "psgcCode": "0504100000", "regionCode": "0500000000", "name": "Masbate" },
  { "psgcCode": "0506200000", "regionCode": "0500000000", "name": "Sorsogon" },
  { "psgcCode": "0600400000", "regionCode": "0600000000", "name": "Aklan" },
  { "psgcCode": "0600600000", "regionCode": "0600000000", "name": "Antique" },
  { "psgcCode": "0601900000", "regionCode": "0600000000", "name": "Capiz" },
  { "psgcCode": "0603000000", "regionCode": "0600000000", "name": "Iloilo" },
  {
    "psgcCode": "0604500000",
    "regionCode": "0600000000",
    "name": "Negros Occidental"
  },
  { "psgcCode": "0607900000", "regionCode": "0600000000", "name": "Guimaras" },
  { "psgcCode": "0701200000", "regionCode": "0700000000", "name": "Bohol" },
  { "psgcCode": "0702200000", "regionCode": "0700000000", "name": "Cebu" },
  {
    "psgcCode": "0704600000",
    "regionCode": "0700000000",
    "name": "Negros Oriental"
  },
  { "psgcCode": "0706100000", "regionCode": "0700000000", "name": "Siquijor" },
  {
    "psgcCode": "0802600000",
    "regionCode": "0800000000",
    "name": "Eastern Samar"
  },
  { "psgcCode": "0803700000", "regionCode": "0800000000", "name": "Leyte" },
  {
    "psgcCode": "0804800000",
    "regionCode": "0800000000",
    "name": "Northern Samar"
  },
  { "psgcCode": "0806000000", "regionCode": "0800000000", "name": "Samar" },
  {
    "psgcCode": "0806400000",
    "regionCode": "0800000000",
    "name": "Southern Leyte"
  },
  { "psgcCode": "0807800000", "regionCode": "0800000000", "name": "Biliran" },
  {
    "psgcCode": "0907200000",
    "regionCode": "0900000000",
    "name": "Zamboanga del Norte"
  },
  {
    "psgcCode": "0907300000",
    "regionCode": "0900000000",
    "name": "Zamboanga del Sur"
  },
  {
    "psgcCode": "0908300000",
    "regionCode": "0900000000",
    "name": "Zamboanga Sibugay"
  },
  { "psgcCode": "1001300000", "regionCode": "1000000000", "name": "Bukidnon" },
  { "psgcCode": "1001800000", "regionCode": "1000000000", "name": "Camiguin" },
  {
    "psgcCode": "1003500000",
    "regionCode": "1000000000",
    "name": "Lanao del Norte"
  },
  {
    "psgcCode": "1004200000",
    "regionCode": "1000000000",
    "name": "Misamis Occidental"
  },
  {
    "psgcCode": "1004300000",
    "regionCode": "1000000000",
    "name": "Misamis Oriental"
  },
  {
    "psgcCode": "1102300000",
    "regionCode": "1100000000",
    "name": "Davao del Norte"
  },
  {
    "psgcCode": "1102400000",
    "regionCode": "1100000000",
    "name": "Davao del Sur"
  },
  {
    "psgcCode": "1102500000",
    "regionCode": "1100000000",
    "name": "Davao Oriental"
  },
  {
    "psgcCode": "1108200000",
    "regionCode": "1100000000",
    "name": "Davao de Oro"
  },
  {
    "psgcCode": "1108600000",
    "regionCode": "1100000000",
    "name": "Davao Occidental"
  },
  { "psgcCode": "1204700000", "regionCode": "1200000000", "name": "Cotabato" },
  {
    "psgcCode": "1206300000",
    "regionCode": "1200000000",
    "name": "South Cotabato"
  },
  {
    "psgcCode": "1206500000",
    "regionCode": "1200000000",
    "name": "Sultan Kudarat"
  },
  { "psgcCode": "1208000000", "regionCode": "1200000000", "name": "Sarangani" },
  { "psgcCode": "1400100000", "regionCode": "1400000000", "name": "Abra" },
  { "psgcCode": "1401100000", "regionCode": "1400000000", "name": "Benguet" },
  { "psgcCode": "1402700000", "regionCode": "1400000000", "name": "Ifugao" },
  { "psgcCode": "1403200000", "regionCode": "1400000000", "name": "Kalinga" },
  {
    "psgcCode": "1404400000",
    "regionCode": "1400000000",
    "name": "Mountain Province"
  },
  { "psgcCode": "1408100000", "regionCode": "1400000000", "name": "Apayao" },
  {
    "psgcCode": "1600200000",
    "regionCode": "1600000000",
    "name": "Agusan del Norte"
  },
  {
    "psgcCode": "1600300000",
    "regionCode": "1600000000",
    "name": "Agusan del Sur"
  },
  {
    "psgcCode": "1606700000",
    "regionCode": "1600000000",
    "name": "Surigao del Norte"
  },
  {
    "psgcCode": "1606800000",
    "regionCode": "1600000000",
    "name": "Surigao del Sur"
  },
  {
    "psgcCode": "1608500000",
    "regionCode": "1600000000",
    "name": "Dinagat Islands"
  },
  {
    "psgcCode": "1704000000",
    "regionCode": "1700000000",
    "name": "Marinduque"
  },
  {
    "psgcCode": "1705100000",
    "regionCode": "1700000000",
    "name": "Occidental Mindoro"
  },
  {
    "psgcCode": "1705200000",
    "regionCode": "1700000000",
    "name": "Oriental Mindoro"
  },
  { "psgcCode": "1705300000", "regionCode": "1700000000", "name": "Palawan" },
  { "psgcCode": "1705900000", "regionCode": "1700000000", "name": "Romblon" },
  { "psgcCode": "1900700000", "regionCode": "1900000000", "name": "Basilan" },
  {
    "psgcCode": "1903600000",
    "regionCode": "1900000000",
    "name": "Lanao del Sur"
  },
  { "psgcCode": "1906600000", "regionCode": "1900000000", "name": "Sulu" },
  { "psgcCode": "1907000000", "regionCode": "1900000000", "name": "Tawi-Tawi" },
  {
    "psgcCode": "1908700000",
    "regionCode": "1900000000",
    "name": "Maguindanao del Norte"
  },
  {
    "psgcCode": "1908800000",
    "regionCode": "1900000000",
    "name": "Maguindanao del Sur"
  }
]
